Hydrogen;Oxygen;Nitrogen;Methane;CO;CO2;Ethylene;Ethane;Acethylene;DBDS;Power_factor;Interfacial_V;Dielectric_rigidity;Water_content;Health_index;Life_expectation
178;4070;27300.0;144;672.0;2260;3;10;0;0.0;1.0;41;58;12;38.1;32.0
0;1850;61700.0;0;43.0;554;0;0;0;0.0;3.93;51;51;5;38.3;19.0
6;11800;44900.0;4;562.0;1670;0;0;0;0.0;1.0;43;54;12;13.4;51.0
0;5010;51800.0;4;;845;0;0;0;5.0;0.41;45;52;3;38.3;19.1
11;1780;56900.0;2;;867;0;54;0;0.0;2.78;31;50;27;13.4;51.0
6200;291;59400.0;218;492.0;10600;103;39;0;0.0;67.67;30;54;10;50.7;29.8
4;4740;73200.0;2;154.0;1910;8;0;0;7.0;1.55;40;52;15;48.2;6.5
4;9600;55200.0;7;785.0;2690;0;0;0;0.0;1.0;33;57;14;13.4;51.0
5;12300;70900.0;17;269.0;1880;3;5;0;5.0;0.12;45;48;2;38.3;32.0
0;19500;54800.0;0;73.0;196;0;0;0;0.0;1.0;46;56;4;13.4;19.0
9;2200;;6;432.0;7980;17;0;0;0.0;0.67;42;37;21;13.4;6.1
39;1860;57900.0;3;;711;4;96;0;0.0;2.62;30;56;27;13.4;51.0
52;1550;58400.0;3;90.0;681;0;68;0;0.0;1.0;32;50;11;13.5;51.0
5810;11900;51400.0;471;354.0;1470;798;44;3990;1.0;1.0;44;50;16;60.5;19.0
4;6890;24800.0;0;322.0;825;0;0;0;0.0;1.0;33;55;18;13.4;51.0
24;1970;64100.0;2;34.0;398;0;92;0;0.0;1.0;32;53;13;13.4;51.0
0;8380;30800.0;0;23.0;180;0;0;0;1.0;9.43;37;43;7;48.2;6.5
5;10500;47300.0;7;696.0;2820;0;0;0;0.0;1.0;55;57;17;13.4;51.0
0;4330;11200.0;0;81.0;192;0;0;0;0.0;1.0;57;57;4;13.4;19.0
8;8470;44500.0;3;318.0;569;12;0;0;0.0;1.0;32;51;18;13.4;51.0
34;7200;51200.0;3;;1680;0;0;0;0.0;1.0;45;75;25;13.4;51.0
3;2020;59600.0;6;1070.0;2950;0;0;0;5.0;0.39;42;51;3;38.3;32.0
5;7550;47400.0;5;746.0;24200;0;0;0;0.0;1.0;33;56;11;13.4;51.0
0;22800;;0;36.0;585;0;0;0;0.0;1.0;31;51;34;13.4;51.0
54;256;54600.0;3;112.0;780;0;127;0;0.0;2.87;33;52;18;13.5;51.0
0;19300;45700.0;0;53.0;481;0;0;0;0.0;1.24;45;47;6;48.2;6.5
10;254;56500.0;4;71.0;1020;0;108;0;0.0;1.0;32;53;22;13.4;51.0
47;366;44500.0;2;88.0;966;5;73;0;0.0;1.0;38;57;15;13.4;51.0
2183;192;43380.0;1061;183.0;5730;1308;646;2;0.0;1.0;42;28;31;55.8;20.3
11;1760;56800.0;2;41.0;594;3;49;0;0.0;1.0;31;60;27;13.4;51.0
20;4530;53000.0;2;842.0;2750;0;0;0;5.0;0.24;45;53;4;13.4;19.0
0;24800;45700.0;0;81.0;514;0;0;0;203.0;1.47;45;55;5;48.2;17.9
79;667;54400.0;6;45.0;409;14;533;0;0.0;1.0;32;53;35;19.8;51.0
9;17000;53500.0;4;173.0;1370;3;0;0;0.0;1.0;44;54;5;13.4;51.0
48;71;21093.0;3;36.0;673;4;144;0;0.0;2.56;30;58;26;13.4;51.0
48;245;58500.0;3;112.0;914;3;77;0;0.0;1.0;31;50;15;13.4;51.0
0;14700;36500.0;2;284.0;3820;0;0;0;0.0;1.0;45;57;42;13.4;51.0
6;10200;41700.0;0;434.0;908;3;0;0;0.0;1.0;41;57;17;13.4;51.0
59;587;20100.0;15;577.0;6140;5;5;0;5.0;0.15;45;54;4;13.8;19.0
5;6410;45800.0;3;465.0;2850;0;0;0;0.0;1.0;34;60;79;13.4;51.0
4;893;69100.0;24;96.0;707;60;17;0;4.0;0.64;47;51;4;13.4;19.0
21;243;48800.0;0;19.0;187;0;65;0;0.0;1.0;30;57;18;13.4;51.0
18;17600;51700.0;4;231.0;1610;0;7;0;55.0;1.0;45;49;3;48.2;31.1
0;21900;48300.0;2;39.0;1420;3;7;0;136.0;0.41;41;56;9;48.2;6.5
0;18400;51700.0;0;61.0;304;0;0;0;0.0;1.0;43;50;6;13.4;19.0
40;511;63600.0;3;95.0;2190;0;74;0;0.0;3.24;33;55;18;13.4;51.0
3;20600;42000.0;0;118.0;906;18;0;0;127.0;0.89;37;57;6;48.2;6.5
3;4070;34800.0;7;;2570;0;0;0;0.0;1.0;32;55;12;13.4;51.0
3;14900;56700.0;0;163.0;458;0;0;0;0.0;0.13;44;50;3;38.3;19.0
0;27300;55500.0;0;32.0;525;0;0;0;1.0;0.62;40;40;19;48.2;6.5
3;5810;31900.0;9;369.0;1050;18;3;0;1.0;1.12;47;55;4;13.4;19.0
59;645;56000.0;20;267.0;2300;9;15;0;136.0;0.21;42;52;4;48.5;17.7
2;12704;33134.0;2;32.0;801;3;3;0;1.0;0.39;44;63;5;13.4;19.1
0;17000;55600.0;4;182.0;1100;0;0;0;0.0;0.58;34;57;5;13.4;19.0
28;9950;47300.0;16;245.0;1290;0;3;0;47.5;0.9;44;49;4;48.2;17.9
6;6080;40900.0;5;893.0;2640;0;0;0;0.0;1.0;33;55;12;38.3;32.0
3;7951;;11;319.0;3716;10;5;0;0.0;0.13;42;57;3;13.4;19.1
0;21600;45800.0;0;204.0;2750;5;0;0;9.0;0.08;43;52;6;48.2;17.9
9;578;29200.0;35;267.0;1610;52;17;0;0.0;0.53;42;50;4;36.6;19.0
13;6680;59700.0;2;236.0;857;0;0;0;0.0;0.12;42;57;4;26.7;19.8
0;3300;12200.0;0;118.0;270;0;0;0;1.0;1.0;45;56;3;38.3;32.0
14;514;70600.0;11;674.0;11700;13;5;1;0.0;0.62;42;45;21;28.1;6.1
227;9987;37210.0;11;122.0;2942;8;26;0;1.0;2.54;38;52;20;26.6;50.8
15;334;;3;64.0;622;3;108;0;0.0;1.0;32;55;12;13.4;51.0
34;394;43300.0;2;72.0;702;4;37;0;0.0;1.0;32;52;17;13.4;51.0
15;308;39700.0;3;64.0;581;5;27;0;0.0;1.0;32;60;18;13.4;51.0
5;9880;41700.0;5;582.0;1720;0;0;0;0.0;1.0;33;52;13;13.4;51.0
7;1200;;2;52.0;1340;0;67;0;0.0;3.83;28;54;24;13.4;51.0
3;21700;43200.0;0;129.0;1530;0;0;0;1.0;1.59;35;54;21;38.3;6.2
70;371;40100.0;1;12.0;1750;7;117;0;0.0;22.0;36;53;62;16.2;51.0
7;376;54700.0;13;205.0;1780;4;15;0;162.0;0.29;43;55;4;48.2;17.9
20;2170;21300.0;6;307.0;1960;0;0;0;1.0;1.02;46;52;4;38.3;19.0
0;22000;44900.0;0;122.0;856;8;0;0;136.0;0.63;41;52;7;48.2;17.9
0;22900;;0;66.0;553;0;0;0;155.0;0.37;43;53;5;48.2;17.9
8;8710;71900.0;21;230.0;5050;0;4;0;10.0;0.2;43;55;3;38.3;19.1
78;294;55700.0;3;132.0;892;4;121;0;0.0;2.34;32;57;11;19.5;51.0
9040;1870;47500.0;1790;183.0;2060;7820;638;1450;0.0;1.0;42;55;18;60.5;19.0
79;699;75700.0;72;508.0;3810;83;42;0;136.0;1.24;34;48;5;56.0;7.4
11;222;41000.0;2;35.0;309;0;211;0;0.0;2.53;33;58;30;13.4;51.0
49;398;40800.0;2;58.0;710;3;85;0;0.0;1.0;37;57;20;13.4;51.0
3210;3570;47900.0;160;360.0;2130;4;43;4;1.0;0.77;44;55;3;85.2;6.0
0;839;20700.0;4;458.0;2830;0;0;0;1.0;0.46;41;47;2;38.3;32.0
10;3350;51100.0;2;678.0;2360;0;0;0;5.0;0.24;44;56;4;38.3;19.0
0;23200;45800.0;0;40.0;620;0;0;0;0.0;0.76;46;52;5;13.4;19.0
135;5091;48792.0;33;568.0;1301;3;5;0;1.0;0.12;47;66;3;50.3;30.0
6620;5250;51900.0;2240;190.0;1870;13100;1400;1660;0.0;1.0;42;54;21;60.5;19.0
211;249900;62600.0;148;118.0;2300;751;103;3030;0.0;1.0;45;41;9;50.6;29.8
3060;257;69500.0;190;403.0;8930;68;47;0;0.0;73.2;29;56;14;50.7;29.8
35;438;53300.0;3;50.0;547;0;44;0;0.0;2.59;33;55;13;13.4;51.0
4;9660;22200.0;0;51.0;275;0;0;0;0.0;1.0;32;51;31;13.4;51.0
6;9550;49600.0;6;649.0;2960;0;0;0;0.0;1.0;43;48;14;13.4;51.0
4;19100;49000.0;2;92.0;736;0;0;0;0.0;0.17;43;48;4;13.4;19.0
12;285;;2;35.0;895;0;51;0;0.0;3.22;33;54;37;13.4;51.0
9350;229;53000.0;188;451.0;2720;228;28;0;0.0;71.75;30;55;5;50.7;29.8
3;7880;32100.0;1;368.0;863;0;0;0;0.0;1.0;32;58;23;13.4;51.0
3;395;47000.0;5;47.0;623;9;11;0;169.0;3.35;38;54;9;48.2;6.5
2390;9050;44300.0;163;546.0;2660;3;53;0;0.0;1.71;46;54;12;50.7;6.5
0;22200;;2;223.0;2650;10;0;0;4.0;0.25;45;55;6;38.3;19.0
16;2030;53800.0;4;44.0;709;17;183;0;0.0;1.0;33;55;22;13.4;51.0
4;5040;37600.0;4;597.0;1440;4;3;2;0.0;1.0;41;56;27;38.0;32.0
17;259;53300.0;2;31.0;561;0;56;0;0.0;2.9;32;54;19;13.4;51.0
48;1330;58900.0;4;124.0;1010;3;79;0;0.0;5.35;30;55;16;13.4;51.0
13200;1120;32800.0;2650;156.0;2240;16400;1610;1510;0.0;1.0;45;58;22;60.5;19.0
0;2220;58800.0;13;131.0;1520;4;22;0;173.0;0.55;42;52;4;48.2;17.9
88;11300;52600.0;3;530.0;2640;0;0;0;0.0;1.0;32;58;56;21.6;51.0
49;352;54600.0;4;87.0;1030;3;112;0;0.0;3.93;33;56;20;13.4;51.0
3;309;38500.0;2;39.0;791;3;99;0;0.0;1.0;33;54;183;13.4;51.0
6;4570;22500.0;2;451.0;1500;0;0;0;0.0;1.0;32;57;31;13.4;51.0
277;21500;46100.0;142;93.0;2090;802;59;3840;0.0;1.0;45;50;5;50.6;29.8
5;3686;57725.0;5;;4331;6;1;0;5.0;1.41;39;49;19;38.3;6.5
7;12300;32200.0;0;302.0;3640;3;0;1;0.0;1.0;35;55;36;51.5;29.1
7;1990;58800.0;10;154.0;2210;4;18;0;144.0;0.3;40;50;1;48.2;31.1
0;26600;62500.0;2;209.0;2190;6;0;0;2.0;0.07;46;52;4;38.3;32.0
4;17000;56700.0;1;408.0;936;0;0;0;5.0;0.54;47;48;5;38.3;19.0
4;4300;26200.0;6;656.0;2090;0;0;0;0.0;1.0;33;55;11;13.4;51.0
30;302;56700.0;3;54.0;604;3;69;0;0.0;1.0;32;57;13;13.4;51.0
3;15700;;1;103.0;555;0;0;0;0.0;0.43;45;43;8;13.4;6.5
17;232;48600.0;2;47.0;796;0;116;0;0.0;2.15;30;50;23;13.4;51.0
11;1140;63900.0;7;540.0;2980;47;0;0;60.0;8.44;36;50;36;48.2;6.5
3;19500;42800.0;0;209.0;2650;30;0;0;0.0;0.78;40;43;23;38.3;6.1
17;262;47400.0;2;46.0;1050;4;97;0;0.0;1.0;33;57;26;13.4;51.0
0;1565;9555.0;0;111.0;417;0;0;0;5.0;0.26;42;75;7;38.3;32.0
14;1170;50900.0;4;72.0;1120;3;100;0;0.0;1.0;33;60;29;26.7;50.7
16;2020;56600.0;6;138.0;663;0;138;0;0.0;1.0;33;58;12;13.4;51.0
3;18400;45000.0;0;128.0;1700;28;0;0;5.0;1.7;35;55;12;38.3;6.5
91;24600;49400.0;5;31.0;420;0;6;0;1.0;6.16;41;41;9;21.9;6.5
54;1690;27100.0;8;554.0;3990;0;3;0;5.0;0.19;45;56;2;38.4;32.0
42;2580;;1;25.0;660;0;56;0;0.0;3.38;30;60;37;13.4;51.0
11;15600;45000.0;3;309.0;2240;0;3;0;147.0;0.5;39;53;3;13.4;19.1
4;18900;53900.0;4;152.0;825;0;0;0;0.0;0.57;33;54;2;13.4;33.4
14;437;55000.0;2;20.0;645;0;44;0;0.0;2.37;32;53;33;26.7;50.7
30;316;54100.0;161;309.0;2710;248;28;0;20.0;0.57;40;55;4;49.2;17.4
16;1050;51600.0;15;122.0;12000;0;21;0;0.0;0.23;43;47;5;13.4;19.0
7;492;9748.0;1;54.0;221;0;0;0;1.0;0.46;47;66;3;13.4;51.0
0;24400;47700.0;0;51.0;458;0;0;0;5.0;0.32;46;56;4;38.3;19.0
5;5300;39600.0;5;685.0;2090;0;0;0;0.0;1.0;32;58;13;13.4;51.0
12;461;54500.0;3;69.0;2150;3;8;0;161.0;0.28;41;57;7;48.2;6.5
2;21500;47500.0;2;106.0;1040;3;0;0;123.0;0.28;42;54;4;48.2;17.7
13500;343;36500.0;3150;113.0;984;5;1230;1;1.0;4.93;37;52;6;75.6;6.0
20;17400;59600.0;4;395.0;999;16;4;0;0.0;1.0;32;46;31;13.4;51.0
7;1160;46900.0;4;527.0;1530;0;0;0;0.0;1.0;32;57;13;13.4;51.0
5;378;53100.0;16;231.0;2170;5;22;0;165.0;0.32;43;54;4;48.2;17.9
5;22900;51800.0;0;149.0;826;10;0;0;12.0;0.21;40;49;10;48.2;6.5
14;2690;;3;155.0;735;0;0;0;0.0;0.28;47;54;2;26.7;33.9
24;35700;85300.0;5;361.0;1570;0;0;0;0.0;0.09;40;55;7;38.3;32.0
3;19700;67600.0;0;108.0;1480;10;0;0;17.0;1.0;43;53;28;48.2;6.5
3;15400;46100.0;0;333.0;1240;18;0;0;0.0;1.49;38;35;14;48.2;6.5
0;27300;65600.0;0;56.0;202;0;0;0;0.0;1.0;43;48;3;13.4;19.0
5;7930;49900.0;5;709.0;2310;5;0;1;0.0;1.0;47;54;36;26.6;50.8
37;280;48100.0;3;43.0;535;2;78;0;0.0;1.0;32;56;15;13.4;51.0
33;312;44100.0;4;88.0;738;0;91;0;0.0;1.0;33;56;8;13.4;51.0
9;12000;45100.0;4;475.0;1570;0;0;0;0.0;1.0;32;54;12;13.4;51.0
89;189;57800.0;2;50.0;502;0;44;0;0.0;1.0;32;55;37;21.7;6.5
48;252;56800.0;2;62.0;651;0;112;0;0.0;3.04;33;54;16;13.4;51.0
2;24800;54600.0;3;216.0;3260;9;0;0;4.0;0.08;46;54;6;38.3;19.0
30;510;35200.0;2;46.0;691;0;70;0;0.0;1.0;38;60;25;13.4;51.0
0;21300;46200.0;0;;658;0;0;0;0.0;0.75;37;41;9;13.4;6.5
0;24300;50200.0;0;54.0;738;0;0;0;0.0;1.75;44;55;4;13.4;19.0
12;151;48200.0;2;34.0;569;4;48;0;0.0;1.0;31;58;20;13.4;51.0
10;881;47800.0;2;54.0;1100;0;102;0;0.0;3.98;33;58;27;13.4;51.0
3;12000;35800.0;0;195.0;283;0;0;0;0.0;0.59;48;55;4;38.3;19.0
0;1230;10500.0;2;113.0;326;0;0;0;0.0;1.0;45;56;5;13.4;19.0
14;2380;67400.0;78;372.0;1850;33;1850;0;0.0;5.56;36;43;27;33.6;6.6
5;10800;43300.0;0;491.0;1140;3;0;0;0.0;1.0;34;53;21;13.4;51.0
14;17600;44300.0;0;161.0;2010;22;0;0;0.0;1.16;37;49;16;51.6;6.6
0;5640;71800.0;17;305.0;2200;6;41;0;4.4;0.23;42;55;6;48.2;6.5
0;944;58700.0;6;266.0;3530;8;11;0;153.0;0.35;40;56;4;48.2;17.9
114;7840;70100.0;2;258.0;1250;0;0;0;0.0;1.0;38;54;25;23.0;51.0
54;320;47000.0;2;222.0;1600;0;15;0;0.0;1.0;33;55;19;13.5;51.0
37;44788;44090.0;5;313.0;1776;8;4;0;1.0;0.43;34;72;5;13.4;19.0
37;224;49900.0;3;39.0;1030;8;51;0;0.0;1.0;31;59;29;13.4;51.0
3;9730;42000.0;10;532.0;1320;21;4;0;5.0;0.84;48;46;4;13.4;19.0
8710;4530;42800.0;658;437.0;1780;1260;97;9740;1.0;1.0;45;55;1;60.5;19.0
5;17400;53400.0;4;296.0;2750;7;0;0;164.0;0.52;41;55;10;48.2;6.5
0;21800;47300.0;0;249.0;2510;7;0;0;2.0;0.27;44;49;4;38.3;32.0
1099;70;37520.0;545;184.0;1402;6;230;0;87.0;4.58;33;49;5;85.3;6.0
52;387;68400.0;37;936.0;6130;8;21;0;138.0;0.82;44;56;4;49.1;17.4
2;15900;51300.0;4;359.0;2250;0;0;0;0.0;0.23;43;49;3;38.3;19.0
24;455;21700.0;41;186.0;2790;10;65;0;162.0;0.17;44;52;3;48.9;17.5
7;6150;19400.0;3;320.0;785;6;0;1;0.0;1.0;32;56;19;26.6;50.8
6;10600;;2;575.0;1370;0;0;0;5.0;0.24;43;50;2;13.4;33.6
4;279;20000.0;8;285.0;4230;0;4;0;2.0;0.22;44;55;3;38.3;19.0
5;16100;53200.0;2;90.0;93;0;0;0;0.0;0.78;44;45;4;13.4;19.0
6;4970;52300.0;5;;4230;5;0;0;1.0;0.33;41;47;4;13.4;19.0
54;281;44100.0;4;89.0;833;4;126;0;0.0;1.0;33;55;17;13.5;51.0
8;117;47900.0;2;20.0;491;0;75;0;0.0;2.18;33;53;15;13.4;51.0
6;6510;37400.0;4;529.0;1540;0;0;0;0.0;1.0;43;55;9;13.4;51.0
3;13900;3600.0;1;296.0;5070;17;0;0;0.0;1.0;32;60;35;13.4;51.0
71;342;46100.0;8;133.0;2650;7;257;0;0.0;1.0;21;57;37;16.6;51.0
95;1760;80800.0;72;488.0;3050;10;36;0;176.0;0.29;44;55;12;58.0;6.1
7;4973;;21;200.0;4782;0;2;0;10.0;0.21;38;66;5;38.3;32.0
8;292;47300.0;3;39.0;1390;0;79;0;0.0;1.0;33;55;28;13.4;51.0
7;4560;43900.0;5;444.0;1580;4;0;0;0.0;1.0;40;56;29;13.4;51.0
5030;7140;54300.0;179;38.0;260;0;21;0;0.0;1.9;29;49;15;50.7;29.8
23;1690;;2;43.0;1380;3;76;0;0.0;1.0;30;60;62;13.4;51.0
56;21110;59700.0;4;46.0;430;8;430;0;0.0;1.0;33;48;36;13.6;51.0
7;10300;50500.0;6;725.0;2120;0;0;0;0.0;1.0;32;55;16;13.4;51.0
5;20400;42200.0;0;148.0;820;17;0;0;142.0;1.02;38;52;9;48.2;6.5
17;233;53500.0;2;40.0;1230;3;64;0;0.0;4.18;34;59;42;13.4;51.0
14;27000;56100.0;0;27.0;397;0;0;0;5.0;1.0;43;53;7;26.7;6.5
21;197;56700.0;5;44.0;1070;6;523;0;0.0;2.55;32;52;20;13.4;51.0
22;2820;53100.0;3;770.0;2390;3;0;0;11.0;0.37;43;43;5;38.3;19.0
1230;239;71300.0;61;576.0;11300;28;24;0;0.0;0.95;34;53;12;38.6;32.0
7;4520;22800.0;2;157.0;1080;0;0;0;5.0;1.55;46;49;7;38.3;6.5
6;7300;44400.0;7;788.0;3030;0;0;0;0.0;1.0;43;51;12;13.4;51.0
8;8600;40900.0;4;580.0;1750;0;0;0;0.0;1.0;32;58;8;13.4;51.0
17;645;49600.0;6;87.0;599;5;211;0;0.0;4.46;33;56;19;13.4;51.0
6;177;55400.0;0;17.0;413;0;35;0;0.0;1.0;33;54;21;13.4;51.0
24;17200;41600.0;0;68.0;230;0;0;0;0.0;1.0;42;53;15;13.4;51.0
216;24300;48500.0;93;94.0;1890;578;36;2830;0.0;1.0;42;54;7;50.6;29.9
52;322;39300.0;3;128.0;754;4;60;0;0.0;1.0;31;59;21;13.5;51.0
7;5860;28700.0;0;360.0;557;0;0;0;0.0;1.0;32;52;19;13.4;51.0
52;645;71300.0;22;203.0;1760;5;51;0;0.0;1.0;40;42;5;13.5;51.0
21;2710;5600.0;5;167.0;1260;3;0;0;0.0;0.6;51;51;10;13.4;6.5
38;461;;4;126.0;3580;3;136;0;0.0;4.29;32;54;17;13.4;51.0
51;339;47800.0;2;53.0;344;0;217;0;0.0;2.78;30;44;33;13.4;51.0
10;11900;55100.0;2;403.0;1140;6;0;2;0.0;1.0;41;30;23;38.0;32.0
4;624;;36;232.0;2580;3;54;0;169.0;1.16;42;56;8;48.1;6.5
26;8500;;2;238.0;1150;0;3;0;1.0;1.02;47;44;7;13.4;6.5
7;8220;55800.0;18;236.0;2730;0;4;0;5.0;0.08;54;52;2;38.3;32.0
39;1060;50800.0;4;;804;5;83;0;0.0;1.0;32;56;58;13.4;51.0
9;10700;42300.0;2;308.0;1970;0;4;0;108.0;0.38;42;57;9;48.2;6.5
87;362;76100.0;47;560.0;3920;5;31;0;184.0;0.23;43;52;4;57.4;17.5
24;2350;23200.0;4;332.0;2640;0;0;0;1.0;0.93;46;56;13;13.4;6.5
29;277;44200.0;3;95.0;607;0;89;0;0.0;1.58;33;57;14;13.4;51.0
29;266;48500.0;2;;725;4;78;0;0.0;1.0;32;60;43;13.4;51.0
3;22900;48000.0;0;;2320;5;0;0;3.0;0.1;45;51;4;38.3;19.0
40;266;56300.0;4;86.0;1110;3;106;0;0.0;1.0;32;57;21;13.4;51.0
7;15700;46800.0;2;373.0;3470;28;0;0;162.0;0.57;40;51;8;48.2;6.5
3;17400;56700.0;3;362.0;2230;4;0;0;1.0;1.02;44;48;3;38.3;32.0
17;564;14600.0;5;320.0;2450;0;0;0;1.0;1.07;45;52;6;13.4;19.0
54;281;44100.0;4;89.0;833;4;126;0;0.0;2.95;33;55;17;13.5;51.0
35;302;39700.0;3;98.0;654;4;79;0;0.0;1.0;34;60;13;13.4;51.0
58;896;55700.0;3;63.0;1040;2;86;0;0.0;2.0;33;56;28;13.7;51.0
2;16072;46688.0;1;70.0;435;0;0;0;0.0;0.15;44;51;6;13.4;6.5
15;1280;35000.0;2;675.0;2530;0;0;0;5.0;0.3;45;58;8;13.4;6.5
0;23100;48600.0;0;202.0;2220;6;0;0;6.0;0.06;45;54;3;13.4;33.4
61;440;48800.0;4;98.0;909;3;117;0;0.0;1.0;32;53;15;13.9;51.0
15;227;52900.0;3;60.0;853;3;84;0;0.0;1.0;32;56;28;13.4;51.0
0;21200;60000.0;5;123.0;767;0;0;0;0.0;0.54;32;50;4;13.4;19.0
4;10600;49300.0;1;;2020;4;0;0;0.0;1.0;43;56;76;13.4;51.0
0;22800;46800.0;0;66.0;914;0;0;0;0.0;1.0;41;51;4;13.4;19.0
478;9460;64700.0;21;54.0;323;0;4;0;0.0;1.0;36;43;27;31.0;42.5
37;493;48700.0;2;75.0;1190;0;62;0;0.0;1.0;32;60;24;13.4;51.0
0;219;56900.0;4;20.0;507;30;49;67;0.0;4.4;47;50;3;50.0;30.2
590;23200;63900.0;949;209.0;51;828;168;582;0.0;1.0;45;55;4;60.5;6.9
0;21500;45600.0;6;197.0;2070;34;15;0;4.0;0.13;44;55;3;13.4;33.4
104;163;49800.0;5;40.0;579;17;274;0;0.0;1.0;32;53;24;22.5;51.0
13;309;55000.0;10;121.0;3340;15;71;0;0.0;1.0;31;58;43;26.7;50.7
6;3760;70200.0;17;277.0;2200;7;31;0;194.0;0.48;41;55;3;48.2;31.1
8;12200;49200.0;6;646.0;3020;0;0;0;0.0;1.0;32;55;17;13.4;51.0
30;1310;49700.0;3;45.0;641;3;111;0;0.0;1.0;32;48;15;13.4;51.0
5;4460;33100.0;7;689.0;2410;0;0;0;0.0;1.0;55;54;12;13.4;51.0
29;447;52700.0;6;84.0;766;13;270;0;0.0;2.83;33;53;20;13.4;51.0
58;177;30704.0;4;70.0;636;4;108;0;0.0;2.49;33;68;16;13.7;51.0
488;11861;48353.0;13;85.0;1957;29;23;0;164.0;0.27;37;72;10;68.0;6.0
61;1670;52600.0;4;98.0;591;0;52;0;0.0;1.86;33;56;11;13.9;51.0
8;1210;27000.0;3;166.0;454;0;43;0;0.0;1.0;32;55;18;13.4;51.0
25;2060;50300.0;3;42.0;552;0;102;0;0.0;1.0;31;55;15;13.4;51.0
4;13600;37500.0;3;443.0;5890;0;7;0;0.0;1.0;34;55;77;38.3;32.0
0;9444;35331.0;3;358.0;5507;6;0;0;0.0;1.0;45;75;75;13.4;51.0
22;399;42600.0;7;100.0;2580;11;286;0;0.0;9.37;29;56;52;13.4;51.0
8;10600;61600.0;23;226.0;4390;0;5;0;5.0;0.13;45;52;2;38.3;32.0
0;19100;58400.0;0;72.0;629;0;0;0;0.0;1.0;38;53;13;13.4;6.5
21;364;57700.0;3;;967;3;68;0;0.0;1.0;34;60;15;13.4;51.0
59;1420;50000.0;3;90.0;766;0;97;0;0.0;1.0;31;55;20;13.8;51.0
5;8930;34900.0;5;466.0;1930;0;0;0;0.0;1.0;33;55;33;13.4;51.0
19;3490;30000.0;1;374.0;728;0;0;0;1.0;0.81;48;53;5;13.4;19.0
6;8510;64300.0;13;291.0;2050;9;0;0;1.0;0.72;41;50;5;38.3;19.0
4;20200;44700.0;0;194.0;2050;66;0;0;144.0;2.05;37;54;13;48.2;6.5
5;17400;43000.0;0;258.0;1130;0;0;0;0.0;1.0;34;49;40;13.4;51.0
20;14453;52582.0;7;66.0;568;2;1;0;0.0;0.33;46;73;5;13.4;19.0
11;478;19400.0;11;196.0;1900;3;5;0;5.0;0.37;43;42;2;38.3;32.0
4;7917;72870.0;4;171.0;2499;9;1;0;0.0;0.26;48;68;7;13.4;6.5
33;2000;48700.0;2;53.0;486;0;184;0;0.0;2.97;30;49;47;13.4;51.0
24;1330;70800.0;12;771.0;2960;3;4;0;2.0;0.12;44;50;4;38.3;19.0
0;14300;65700.0;7;148.0;1960;3;13;0;0.0;0.41;37;51;2;48.2;31.1
7;339;43800.0;2;31.0;644;0;167;0;0.0;1.0;32;56;24;13.4;51.0
8;189;39923.0;1;37.0;698;3;78;0;0.0;3.14;33;71;41;13.4;51.0
2;15700;51300.0;4;358.0;2770;2;0;0;5.0;0.57;46;42;4;13.4;19.0
46;227;46700.0;2;;735;3;122;0;0.0;2.4;31;59;17;13.4;51.0
3;11200;36100.0;0;120.0;293;0;0;0;0.0;1.0;32;53;15;13.4;51.0
28;289;50300.0;5;157.0;787;3;51;0;0.0;1.0;32;59;31;13.4;51.0
0;15115;48813.0;2;97.0;915;6;1;0;0.0;1.45;33;49;14;13.4;6.5
0;22900;49800.0;0;205.0;2190;5;0;0;2.0;0.09;50;50;5;38.3;19.0
40;2350;65000.0;8;538.0;2480;9;0;1;0.0;1.0;35;56;62;51.5;29.1
35;232;61400.0;3;78.0;766;0;91;0;0.0;2.75;30;50;12;13.4;51.0
2820;16400;56300.0;144;257.0;1080;206;11;2190;1.0;1.0;39;52;11;85.3;19.0
5;9400;37100.0;4;496.0;2720;3;0;1;0.0;1.0;35;56;51;51.5;29.1
12;1840;61900.0;2;36.0;1560;3;72;0;0.0;4.5;31;55;36;13.4;51.0
3;5040;29500.0;2;510.0;1230;0;0;0;0.0;1.0;32;58;33;13.4;51.0
4;4860;34500.0;4;735.0;2010;0;0;0;0.0;1.0;32;59;9;13.4;51.0
0;789;20300.0;6;280.0;502;0;0;0;0.0;0.31;46;51;3;13.4;32.4
0;693;50600.0;43;68.0;2770;4;91;0;180.0;1.15;44;52;10;48.2;6.1
44;1735;;1;133.0;520;0;0;0;0.0;1.0;45;74;24;38.3;32.0
6;9960;53700.0;6;678.0;2220;0;0;0;0.0;1.0;43;55;10;13.4;51.0
7;420;63600.0;16;545.0;10600;7;5;0;1.0;1.11;45;39;16;13.4;6.2
152;21400;49300.0;254;64.0;1510;2250;908;4830;0.0;1.0;43;51;5;50.7;29.8
921;22000;43400.0;42;132.0;542;75;3;713;0.0;0.48;45;56;13;50.7;29.8
3;3660;40100.0;4;669.0;1720;4;0;0;0.0;1.0;33;54;20;13.4;51.0
15;18300;52900.0;4;266.0;630;13;3;1;0.0;1.0;33;52;31;26.6;50.8
1310;2690;51900.0;1010;119.0;2220;2520;376;17;0.0;0.25;45;29;34;60.5;19.0
76;324;71700.0;45;;5220;10;27;0;227.0;0.45;45;45;8;55.1;6.5
7;7290;34700.0;0;463.0;975;3;0;0;0.0;1.0;32;54;44;13.4;51.0
30;298;55400.0;4;105.0;920;3;83;0;0.0;1.0;32;58;18;13.4;51.0
0;24600;50800.0;0;31.0;907;9;0;0;1.0;1.05;41;53;8;38.3;6.5
3;220;54300.0;2;24.0;246;0;153;0;0.0;1.52;33;48;12;13.4;51.0
253;17300;43700.0;135;82.0;1870;57;734;3330;0.0;1.0;44;50;4;50.6;29.9
3;20500;44000.0;0;;290;0;0;0;1.0;1.0;47;48;5;38.3;32.0
81;23790;64479.0;10;852.0;1371;0;0;0;5.0;0.06;47;74;4;45.3;18.8
38;191;60800.0;2;49.0;350;0;150;0;0.0;1.0;33;53;22;13.4;51.0
35;336;51000.0;4;75.0;587;9;96;0;0.0;3.25;33;58;8;13.4;51.0
9;2700;73600.0;4;238.0;5050;6;0;0;0.0;1.37;41;54;12;13.4;6.5
757;289;57400.0;1700;1730.0;24900;2280;755;12;0.0;42.1;24;51;77;60.5;19.0
9;2490;57000.0;2;42.0;351;3;184;0;0.0;2.61;32;49;66;13.4;51.0
67;5940;41600.0;14;930.0;4030;0;5;0;5.0;0.15;43;50;2;40.0;32.0
46;390;40200.0;3;127.0;827;4;54;0;0.0;1.0;35;59;13;13.4;51.0
10;2060;6440.0;2;97.0;549;0;0;0;0.0;1.0;48;57;7;13.4;33.4
9;909;32800.0;16;279.0;2820;0;3;0;5.0;0.12;45;49;3;38.3;32.0
0;27000;56600.0;0;;480;0;0;0;11.0;1.0;43;51;4;48.2;17.9
0;21700;45600.0;0;198.0;2250;6;0;0;6.0;0.13;41;55;3;48.2;31.1
23;6480;42100.0;5;530.0;1760;0;0;0;0.0;1.0;32;58;22;13.4;51.0
13;12300;43400.0;0;;908;0;0;0;0.0;1.0;42;47;26;26.7;50.7
0;27200;58900.0;0;100.0;609;0;0;0;0.0;1.93;38;52;8;38.3;6.5
3;16900;45900.0;2;61.0;549;2;0;0;0.0;1.0;43;53;10;13.4;51.0
11;265;50800.0;2;54.0;1050;0;63;0;0.0;1.0;30;50;16;13.4;51.0
3;15459;41347.0;5;68.0;902;12;2;13;5.0;0.58;41;71;6;73.2;19.0
15;169;50600.0;5;77.0;532;0;72;0;0.0;1.21;33;54;11;13.4;51.0
3;11200;57300.0;3;483.0;1230;0;0;0;1.0;0.33;42;57;4;13.4;19.0
16;7340;71000.0;5;548.0;3170;5;0;0;0.0;0.36;46;45;8;48.2;6.5
26;321;48300.0;3;68.0;598;0;62;0;0.0;1.0;32;60;19;13.4;51.0
8;634;49400.0;2;42.0;444;3;227;0;0.0;2.14;32;56;53;13.4;51.0
59;1900;62400.0;3;68.0;704;3;109;0;0.0;2.08;32;47;13;13.8;51.0
13;3430;16300.0;3;220.0;1280;0;0;0;1.0;1.07;46;53;3;26.7;19.7
2;14700;44200.0;2;297.0;1780;55;0;0;35.0;0.8;41;41;14;48.2;6.5
12886;61;25041.0;877;83.0;864;4;305;0;45.0;1.0;45;55;0;85.5;19.0
19;618;20200.0;15;184.0;586;2;4;0;0.0;0.36;47;47;3;38.3;19.1
5;12500;48400.0;3;;3010;3;0;0;1.0;1.0;45;62;3;38.3;32.0
0;18600;44400.0;0;67.0;511;3;0;0;0.0;3.47;43;56;19;13.4;6.5
17;5680;59500.0;16;809.0;3590;11;0;0;5.0;0.35;42;50;3;38.3;19.1
3;1480;13500.0;37;126.0;319;87;32;0;0.0;1.0;45;55;2;13.4;33.4
14;305;54800.0;2;35.0;517;0;60;0;0.0;2.95;32;57;23;26.7;50.7
5;1210;54600.0;0;22.0;226;0;68;0;0.0;1.0;32;51;26;13.4;51.0
9;278;;2;34.0;1120;0;55;0;0.0;3.93;30;53;38;13.4;51.0
0;25800;57100.0;0;49.0;427;0;0;0;0.0;0.07;45;49;11;13.4;6.5
6;5790;30900.0;5;705.0;2250;0;0;0;0.0;1.0;43;58;9;13.4;51.0
14;2750;29500.0;12;54.0;5190;0;0;0;5.0;0.19;43;55;3;51.6;15.2
6;11600;44500.0;5;581.0;1870;0;0;0;0.0;1.0;32;57;11;13.4;51.0
3;45100;31200.0;5;568.0;2160;3;2;0;0.0;1.0;32;54;11;13.4;51.0
0;20000;54700.0;3;117.0;699;0;0;0;0.0;0.05;34;51;2;13.4;40.8
9;13000;45000.0;2;526.0;2050;0;0;0;0.0;1.0;32;60;24;13.4;51.0
12;465;52700.0;2;52.0;918;0;84;0;0.0;3.83;33;55;24;13.4;51.0
5;3860;29300.0;4;739.0;2030;0;0;0;0.0;1.0;33;59;11;13.4;51.0
7;1430;15400.0;4;221.0;268;0;0;0;5.0;1.58;46;48;2;38.3;32.0
4;408;38700.0;22;105.0;1100;7;47;0;168.0;1.82;43;57;7;48.2;17.9
0;24100;49300.0;0;;779;6;0;0;0.0;1.69;36;47;7;13.4;6.7
3;12200;36300.0;2;452.0;6050;0;0;0;0.0;1.0;32;55;52;13.4;51.0
10;2740;53500.0;2;46.0;322;4;211;0;0.0;1.0;34;57;27;13.4;51.0
254;592;60300.0;14;376.0;2500;5;9;0;205.0;0.44;42;42;6;61.3;6.0
3;23700;49800.0;0;202.0;3290;8;0;0;2.0;0.1;46;56;4;38.3;19.0
30;413;19600.0;39;140.0;2690;17;48;0;158.0;0.15;46;56;7;49.0;17.5
25;1500;70400.0;9;482.0;2470;4;0;0;0.0;1.0;44;54;10;13.4;6.5
0;16100;38600.0;0;251.0;5620;21;0;0;0.0;1.0;45;56;44;13.4;51.0
10;8010;36900.0;2;441.0;891;3;0;0;0.0;1.0;33;51;17;13.4;51.0
36;247;54000.0;4;58.0;776;4;157;0;0.0;1.0;32;57;16;13.4;51.0
7907;3564;24991.0;467;96.0;1765;2;249;0;0.0;1.0;29;56;14;50.7;29.8
25;508;54500.0;12;317.0;2750;4;14;0;0.0;0.65;45;56;4;48.2;17.9
4;4070;30900.0;6;664.0;2440;0;0;0;0.0;1.0;33;57;11;13.4;51.0
21;6240;52400.0;3;788.0;4290;7;0;0;0.0;1.0;34;56;41;13.4;51.0
24;257;55700.0;2;47.0;495;4;105;0;0.0;3.17;31;56;15;13.4;51.0
7;8570;38900.0;5;593.0;2360;0;0;0;0.0;1.0;32;57;42;13.4;51.0
9;414;37700.0;2;34.0;843;5;278;0;0.0;1.0;31;58;39;13.4;51.0
22;1220;49900.0;3;30.0;813;5;291;0;0.0;1.0;32;57;27;13.4;51.0
0;21800;52500.0;3;78.0;2180;9;8;0;0.0;0.41;42;56;6;48.2;17.9
0;16443;43308.0;1;10.0;348;0;0;0;0.0;0.83;41;73;5;13.4;6.5
73;1100;49947.0;10;;2101;1;2;0;1.0;0.1;47;61;4;17.5;51.0
30;466;41900.0;2;42.0;439;0;79;0;0.0;1.0;37;60;19;13.4;51.0
13;283;60700.0;3;33.0;649;0;80;0;0.0;2.93;32;54;19;26.7;50.7
14;248;44600.0;2;35.0;532;3;73;0;0.0;3.23;31;56;26;26.7;50.7
0;23500;50600.0;0;29.0;347;0;0;0;0.0;0.6;44;45;10;13.4;6.5
104;1450;76500.0;37;357.0;3220;11;11;0;2.0;0.32;45;54;8;48.3;6.1
0;25200;;0;67.0;462;0;0;0;5.0;0.31;48;54;3;38.3;32.0
3;8020;50100.0;6;569.0;3710;16;0;0;5.0;0.49;41;27;6;13.4;19.0
29;396;52500.0;2;53.0;569;3;115;0;0.0;1.0;32;60;27;13.4;51.0
3;17600;50900.0;3;426.0;2480;0;0;0;0.0;1.0;33;59;40;13.4;51.0
37;623;20300.0;21;888.0;3690;10;10;0;5.0;0.14;44;55;3;38.3;32.1
25;15500;50700.0;3;267.0;1180;0;0;0;27.0;1.0;43;43;4;48.2;17.9
23;505;58100.0;2;49.0;807;0;48;0;0.0;1.0;32;54;69;13.4;51.0
4;425;54300.0;3;68.0;508;0;99;0;0.0;1.0;33;49;48;13.4;51.0
8;16200;52900.0;4;434.0;1890;0;0;0;0.0;1.0;32;53;14;13.4;51.0
7;19100;46700.0;0;47.0;700;0;0;0;0.0;1.0;28;46;16;13.4;6.5
0;21200;44200.0;0;91.0;1520;0;0;0;136.0;0.32;43;50;2;48.2;31.1
27;489;60200.0;11;181.0;591;4;11;0;0.0;0.37;47;46;3;13.4;32.0
4;21800;;0;75.0;655;3;0;11;0.0;0.65;42;53;5;63.4;6.0
23349;2475;28011.0;5045;156.0;48;5588;3532;2951;0.0;1.0;52;70;2;60.5;19.0
4;4990;35200.0;7;760.0;2600;0;0;0;0.0;1.0;33;56;11;13.4;51.0
9;228;45900.0;2;44.0;515;0;128;0;0.0;1.0;32;48;72;13.4;51.0
4;19700;50400.0;0;69.0;188;0;0;0;0.0;1.0;46;55;5;13.4;51.0
0;20300;62500.0;0;78.0;190;0;0;0;0.0;1.0;45;56;5;13.4;19.0
0;23900;45900.0;0;49.0;466;0;0;0;5.0;0.29;45;53;4;13.4;19.0
1450;13000;55800.0;157;278.0;3360;82;75;0;3.0;13.8;36;56;6;46.6;7.8
5;15700;60200.0;10;507.0;5330;19;14;0;0.0;19.7;40;55;17;13.4;51.0
4;57;31384.0;5;89.0;876;2;6;0;76.0;0.16;38;68;7;48.2;31.1
91;571;44200.0;6;80.0;1860;8;168;0;0.0;10.1;32;30;31;21.9;51.0
6;222;42000.0;2;;311;0;175;0;0.0;1.0;34;56;22;13.4;51.0
7;2630;58800.0;2;784.0;1410;0;0;0;5.0;0.26;40;46;2;38.3;32.0
52;1710;56300.0;3;87.0;934;5;82;0;0.0;1.0;30;58;51;13.5;51.0
0;30800;58700.0;0;98.0;1740;4;0;0;6.0;0.17;44;53;4;48.2;17.7
16;2470;59600.0;8;520.0;2660;5;8;2;164.0;0.29;44;56;4;72.8;6.0
0;16000;48000.0;2;426.0;1360;0;0;0;5.0;0.6;48;54;4;13.4;19.0
10700;13100;32700.0;625;79.0;660;0;190;1;1.0;4.45;42;44;4;50.7;16.4
26;4440;68800.0;7;89.0;784;6;302;0;0.0;2.5;33;57;23;13.4;51.0
11;15700;41700.0;0;62.0;649;0;0;0;0.0;1.0;33;44;16;13.4;51.0
322;669;56400.0;181;614.0;466;170;15;173;0.0;0.63;45;51;2;50.7;29.8
10;210;48900.0;7;44.0;1060;30;521;0;0.0;1.0;33;48;44;13.4;51.0
6;13300;36900.0;0;411.0;4160;0;0;0;0.0;1.0;41;52;55;38.3;32.0
8;5570;22800.0;2;323.0;989;0;0;0;0.0;1.0;32;38;24;13.4;51.0
4;22200;48400.0;0;82.0;499;0;0;0;0.0;1.0;36;44;10;13.4;51.0
21;425;33000.0;32;;3030;9;47;0;160.0;0.13;42;53;4;48.5;17.6
50;205;55200.0;4;70.0;758;4;105;0;0.0;1.0;32;54;20;13.4;51.0
2845;5860;27842.0;7406;32.0;1344;16684;5467;7;19.0;1.0;45;55;0;95.2;19.0
40;24800;53300.0;9;84.0;919;17;12;0;88.0;1.68;39;51;4;48.2;17.9
3;1940;53800.0;2;29.0;650;0;49;0;0.0;1.0;31;49;22;13.4;51.0
16;2270;65400.0;0;35.0;604;0;53;0;0.0;1.83;33;52;22;13.4;51.0
57;2470;53800.0;4;98.0;926;4;147;0;0.0;2.96;33;53;14;13.6;51.0
0;25600;47100.0;0;25.0;467;0;0;0;0.0;0.33;44;54;3;13.4;19.0
8;1060;55300.0;14;235.0;1850;6;22;0;113.0;0.21;42;56;3;48.2;17.8
0;25900;49700.0;0;22.0;399;0;0;0;120.0;0.86;39;50;4;48.2;17.9
0;14908;42800.0;0;;620;0;0;2;0.0;0.78;39;60;7;38.0;6.5
48;289;57400.0;3;56.0;650;5;132;0;0.0;4.22;31;55;13;13.4;51.0
12;4350;65500.0;11;870.0;11100;16;8;0;5.0;0.5;41;56;10;38.3;6.5
4;4690;27400.0;6;595.0;2130;0;0;0;0.0;1.0;33;55;8;13.4;51.0
5;18200;66100.0;5;475.0;846;11;0;0;0.0;1.0;55;55;12;13.4;51.0
0;302;51300.0;4;25.0;1510;3;292;0;0.0;1.0;32;49;33;13.4;51.0
7;425;50500.0;9;;2690;4;15;0;165.0;0.32;41;55;8;48.2;6.5
4;3910;24600.0;6;599.0;2310;0;0;0;0.0;1.0;33;52;14;13.4;51.0
8;352;;2;38.0;506;4;75;0;0.0;1.0;33;52;24;13.4;51.0
18;154;42800.0;5;127.0;711;3;91;0;0.0;1.0;32;53;7;13.4;51.0
0;19900;43300.0;0;114.0;782;0;0;0;4.0;1.33;40;54;6;13.4;19.0
4;17000;72100.0;5;344.0;2380;3;0;0;1.0;0.86;44;55;3;13.4;19.1
2;24978;76582.0;2;19.0;498;0;0;0;0.0;1.0;48;55;4;38.3;32.0
4;26100;60600.0;1;206.0;1440;13;0;13;5.0;1.32;40;56;4;63.4;6.0
0;20600;46500.0;2;152.0;823;8;2;0;0.0;1.0;32;49;33;13.4;51.0
0;7520;38100.0;5;297.0;778;0;3;0;5.0;0.39;44;47;2;38.3;32.0
8;1140;55600.0;2;42.0;424;3;158;0;0.0;2.01;32;52;75;13.4;51.0
12;15200;62800.0;4;413.0;4720;5;0;0;5.0;0.53;44;56;14;38.3;6.5
32;7150;66200.0;4;666.0;6450;5;0;0;0.0;1.0;33;53;63;13.4;51.0
106;581;75200.0;47;760.0;4070;11;30;0;183.0;0.16;43;29;5;58.3;6.1
27;246;52900.0;3;66.0;725;0;122;0;0.0;2.83;33;55;11;13.4;51.0
35;1920;73500.0;6;202.0;1310;20;0;0;92.6;0.48;40;49;8;48.2;6.5
0;448;;2;24.0;482;0;99;0;0.0;4.39;31;53;12;13.4;51.0
3;3710;25100.0;6;610.0;2070;0;0;0;0.0;1.0;32;54;9;13.4;51.0
114;2359;31861.0;2;144.0;707;0;0;0;0.0;1.0;42;75;28;47.9;31.3
17;3960;36100.0;29;113.0;4420;3;5;0;5.0;0.15;45;54;2;36.4;32.0
0;16600;49300.0;3;105.0;624;0;0;0;0.0;0.47;32;55;4;13.4;19.0
9;738;56000.0;10;294.0;1960;4;17;0;175.0;0.27;42;56;7;48.2;6.5
7;647;16900.0;8;152.0;528;0;0;0;5.0;0.11;45;47;3;38.3;19.1
11;1770;48600.0;0;30.0;593;0;60;0;0.0;3.97;31;58;29;13.4;51.0
38;3127;16464.0;11;177.0;727;28;3;19;0.0;1.0;47;75;38;49.9;30.3
47;400;48200.0;4;74.0;621;0;57;0;0.0;1.0;32;54;20;13.4;51.0
10200;11900;33700.0;573;87.0;611;0;162;0;1.0;3.53;45;55;5;75.6;6.0
23;888;74700.0;16;914.0;3420;5;6;0;63.7;0.14;43;47;7;48.2;6.5
36;2950;63300.0;101;525.0;4080;193;35;0;127.0;0.37;40;53;6;49.2;17.3
122;294;73100.0;50;372.0;2180;69;31;0;168.0;1.27;42;35;19;59.3;6.0
12880;1571;36351.0;827;184.0;2267;4;320;0;1.0;1.0;46;54;12;50.7;29.8
5;15000;44400.0;0;230.0;399;0;0;0;0.0;0.71;48;57;4;38.3;6.5
12;2150;11100.0;2;170.0;1440;0;0;0;1.0;0.73;45;54;6;13.4;19.0
3;1900;81300.0;37;234.0;2800;10;102;0;123.0;0.44;41;47;6;48.2;17.9
23;14800;40700.0;1;449.0;2720;3;0;0;0.0;1.0;32;57;89;13.4;51.0
0;21900;46200.0;0;46.0;520;3;0;0;0.0;1.1;41;36;16;13.4;6.5
